Group, Name, Version
a52dec,a52dec,0.8.0-2
aalib,aalib,1.4rc5-17
aarch64,aarch64-linux-gnu-binutils,2.41-2
aarch64,aarch64-linux-gnu-gcc,13.2.0-1
aarch64,aarch64-linux-gnu-gdb,13.2-1
aarch64,aarch64-linux-gnu-glibc,2.38-1
aarch64,aarch64-linux-gnu-linux-api-headers,6.0-1
abseil,abseil-cpp,20230802.1-1
accessibility,accessibility-inspector,24.05.2-1
accounts,accounts-qml-module,0.7-4
accountsservice,accountsservice,23.13.9-1
acl,acl,2.3.2-1
adobe,adobe-source-code-pro-fonts,2.042u+1.062i+1.026vf-1
adwaita,adwaita-cursors,45.0-1
adwaita,adwaita-fonts,49.0-2
adwaita,adwaita-icon-theme,45.0-1
adwaita,adwaita-icon-theme-legacy,46.2-1
aha,aha,0.5.1-2
akonadi,akonadi,23.08.4-1
akonadi,akonadi-calendar,23.08.4-1
akonadi,akonadi-calendar-tools,23.08.4-1
akonadi,akonadi-contacts,23.08.4-1
akonadi,akonadi-import-wizard,23.08.4-1
akonadi,akonadi-mime,23.08.4-1
akonadi,akonadi-notes,23.08.4-1
akonadi,akonadi-search,23.08.4-1
akonadiconsole,akonadiconsole,23.08.4-1
akregator,akregator,23.08.4-1
alligator,alligator,23.08.4-1
alsa,alsa-card-profiles,1:1.0.3-1
alsa,alsa-lib,1.2.11-1
alsa,alsa-topology-conf,1.2.5.1-3
alsa,alsa-ucm-conf,1.2.11-1
analitza5,analitza5,23.08.4-2
angelfish,angelfish,23.08.4-1
aom,aom,3.8.1-1
appmenu,appmenu-gtk-module,0.7.6-1
apps,apps,0.3-1
appstream,appstream,1.0.1-2
appstream,appstream-qt,1.0.1-2
appstream,appstream-qt5,1.0.1-2
arch,arch-install-scripts,28-1
archlinux,archlinux-appstream-data,20240112-1
archlinux,archlinux-keyring,20240208-1
archlinuxcn,archlinuxcn-keyring,20250531-1
argon2,argon2,20190702-5
arianna,arianna,23.08.4-1
aribb24,aribb24,1.0.3-3
ark,ark,23.08.4-1
artikulate,artikulate,23.08.4-1
ascii,ascii,3.18-3
at,at-spi2-core,2.50.1-1
atkmm,atkmm,2.28.4-1
attica,attica,6.4.0-1
attica5,attica5,5.115.0-1
attr,attr,2.5.2-1
audex,audex,0.96.2-1
audiocd,audiocd-kio,23.08.4-1
audiofile,audiofile,0.3.6-8
audiotube,audiotube,23.08.4-2
audit,audit,4.0-1
autoconf,autoconf,2.72-1
autoconf2.13,autoconf2.13,2.13-7
autogen,autogen,5.18.16-5
automake,automake,1.16.5-2
avahi,avahi,1:0.8+r194+g3f79789-1
avogadro,avogadro-crystals,1.99.0-1
avogadro,avogadro-fragments,1.99.0-1
avogadro,avogadro-molecules,1.99.0-1
avogadrolibs,avogadrolibs,1.99.0-1
avogadrolibs,avogadrolibs-qt5,1.99.0-1
baloo,baloo-widgets,23.08.4-1
baloo5,baloo5,5.115.0-1
base,base,3-2
base,base-devel,1-1
bash,bash,5.2.026-2
bash,bash-completion,2.11-3
bc,bc,1.07.1-4
bcg729,bcg729,1.1.1-1
binaryen,binaryen,1:116-1
bind,bind,9.18.21-1
binutils,binutils,2.42-2
biodiff,biodiff,1.2.1-1
bison,bison,3.8.2-6
black,black-hole-solver,1.12.0-1
blas,blas,3.12.0-3
bless,bless,0.6.3-1
blinken,blinken,23.08.4-1
bluedevil,bluedevil,1:5.27.10-3
bluez,bluez,5.72-2
bluez,bluez-libs,5.72-2
bluez,bluez-qt,6.4.0-1
bluez,bluez-qt5,5.115.0-1
bolt,bolt,0.9.6-2
bomber,bomber,23.08.4-1
boost,boost-libs,1.83.0-5
botan,botan,3.2.0-1
bovo,bovo,23.08.4-1
breeze,breeze,5.27.10-1
breeze,breeze-gtk,5.27.10-1
breeze,breeze-icons,5.115.0-1
breeze,breeze-plymouth,5.27.10-1
bridge,bridge-utils,1.7.1-1
brltty,brltty,6.6-5
brotli,brotli,1.1.0-1
btrfs,btrfs-progs,6.7-1
bubblewrap,bubblewrap,0.8.0-1
bzip2,bzip2,1.0.8-5
c,c-ares,1.26.0-1
ca,ca-certificates,20220905-1
ca,ca-certificates-mozilla,3.97-1
ca,ca-certificates-utils,20220905-1
cairo,cairo,1.18.0-1
cairomm,cairomm,1.14.5-1
calendarsupport,calendarsupport,23.08.4-1
calligra,calligra,3.2.1-53
cantarell,cantarell-fonts,1:0.303.1-1
cantor,cantor,23.08.4-1
capstone,capstone,5.0.1-2
cauchy,cauchy,0.9.0-3
cblas,cblas,3.12.0-3
cdparanoia,cdparanoia,10.2-9
cdrtools,cdrtools,3.02a09-5
cervisia,cervisia,23.08.4-1
cfitsio,cfitsio,1:4.3.1-1
chromaprint,chromaprint,1.5.1-7
cifs,cifs-utils,7.0-3
circle,circle-flags,2.7.0-2
clang,clang,16.0.6-2
clinfo,clinfo,3.0.21.02.21-1
cmake,cmake,3.28.3-1
cmark,cmark,0.31.0-2
code,code,1.86.0-1
colord,colord,1.4.7-2
colord,colord-kde,23.08.4-1
compiler,compiler-rt,16.0.6-3
composefs,composefs,1.0.3-1
conntrack,conntrack-tools,1.4.8-1
containerd,containerd,1.7.13-1
convertlit,convertlit,1.8-11
coordgen,coordgen,3.0.2-1
coreutils,coreutils,9.4-3
cpio,cpio,2.15-1
cppcheck,cppcheck,2.12.0-2
cppdap,cppdap,1.58.0-1
cronie,cronie,1.7.1-1
crosstool,crosstool-ng,1.26.0-1
cryptsetup,cryptsetup,2.7.0-1
cups,cups,1:2.4.7-2
cups,cups-filters,2.0.0-1
curl,curl,8.6.0-3
daloradius,daloradius,1.1.2-1
dav1d,dav1d,1.3.0-1
db5.3,db5.3,5.3.28-4
dbus,dbus,1.14.10-2
dbus,dbus-broker,35-2
dbus,dbus-broker-units,35-2
dconf,dconf,0.40.0-2
ddcutil,ddcutil,2.1.3-1
debugedit,debugedit,5.0-5
default,default-cursors,2-1
desktop,desktop-file-utils,0.27-1
device,device-mapper,2.03.23-1
dhclient,dhclient,4.4.3.P1-2
dhcp,dhcp,4.4.3.P1-2
dhcpcd,dhcpcd,10.0.6-1
diffutils,diffutils,3.10-1
ding,ding-libs,0.6.2-1
discount,discount,3.0.0.d-1
discover,discover,5.27.10.1-1
djvulibre,djvulibre,3.5.28-5
dkms,dkms,3.0.12-1
dmidecode,dmidecode,3.5-1
dnsmasq,dnsmasq,2.89-1
dnssec,dnssec-anchors,20190629-3
docbook,docbook-xml,4.5-9
docbook,docbook-xsl,1.79.2-7
dolphin,dolphin,23.08.4-1
dolphin,dolphin-plugins,23.08.4-1
double,double-conversion,3.3.0-1
doxygen,doxygen,1.10.0-1
dpkg,dpkg,1.22.0-1
dragon,dragon,23.08.4-1
drkonqi,drkonqi,5.27.10-1
dropbear,dropbear,2022.83-1
dtc,dtc,1.7.0-4
duktape,duktape,2.7.0-6
e2fsprogs,e2fsprogs,1.47.0-1
easy,easy-rsa,3.1.7-1
ebook,ebook-tools,0.2.2-7
editorconfig,editorconfig-core-c,0.12.6-1
edk2,edk2-aarch64,202311-1
edk2,edk2-arm,202311-1
edk2,edk2-ovmf,202311-1
efibootmgr,efibootmgr,18-2
efivar,efivar,39-1
egl,egl-wayland,2:1.1.13-1
egl,egl-x11,1.0.3-1
eglexternalplatform,eglexternalplatform,1.1-2
electron27,electron27,27.3.2-1
elfutils,elfutils,0.190-2
elisa,elisa,23.08.4-1
ell,ell,0.62-1
enchant,enchant,2.6.5-1
ethtool,ethtool,1:6.5-1
eventviews,eventviews,23.08.4-1
exiv2,exiv2,0.28.1-1
expat,expat,2.6.0-1
extra,extra-cmake-modules,5.115.0-1
faac,faac,1.30-4
faad2,faad2,2.11.1-1
fakeroot,fakeroot,1.33-2
falkon,falkon,23.08.4-2
fcgi,fcgi,2.4.2-2
fcitx5,fcitx5,5.1.7-3
fcitx5,fcitx5-chinese-addons,5.1.3-1
fcitx5,fcitx5-configtool,5.1.3-1
fcitx5,fcitx5-gtk,5.1.1-1
fcitx5,fcitx5-pinyin-zhwiki,1:0.2.4.20240210-1
fcitx5,fcitx5-qt,5.1.4-3
fcitx5,fcitx5-table-extra,5.1.3-1
ffmpeg,ffmpeg,2:6.1.1-5
ffmpeg4.4,ffmpeg4.4,4.4.4-4
ffmpegthumbs,ffmpegthumbs,23.08.4-1
fftw,fftw,3.3.10-5
figlet,figlet,2.2.5-5
file,file,5.45-1
filelight,filelight,23.08.4-1
filesystem,filesystem,2024.01.19-1
findutils,findutils,4.9.0-3
firefox,firefox,122.0.1-1
flac,flac,1.4.3-1
flameshot,flameshot,12.1.0-3
flatpak,flatpak,1:1.15.6-2
flatpak,flatpak-kcm,5.27.10-1
flex,flex,2.6.4-5
fluidsynth,fluidsynth,2.3.4-1
fmt,fmt,10.2.0-1
fontconfig,fontconfig,2:2.15.0-2
frameworkintegration,frameworkintegration,6.4.0-1
frameworkintegration5,frameworkintegration5,5.115.0-1
francis,francis,24.05.2-1
freecell,freecell-solver,6.8.0-1
freeglut,freeglut,3.4.0-1
freeradius,freeradius,3.2.3-5
freetype2,freetype2,2.13.2-1
frei0r,frei0r-plugins,2.3.2-2
fribidi,fribidi,1.0.13-2
fstrm,fstrm,0.6.1-1
fuse,fuse-common,3.16.2-1
fuse2,fuse2,2.9.9-4
fuse3,fuse3,3.16.2-1
futuresql,futuresql-qt5,0.1.1-2
gawk,gawk,5.3.0-1
gc,gc,8.2.6-1
gcc,gcc,13.2.1-5
gcc,gcc-ada,13.2.1-5
gcc,gcc-libs,13.2.1-5
gcr,gcr-4,4.1.0-1
gd,gd,2.3.3-7
gdb,gdb,14.1-1
gdb,gdb-common,14.1-1
gdbm,gdbm,1.23-2
gdk,gdk-pixbuf2,2.42.10-2
gengetopt,gengetopt,2.23-2
geoclue,geoclue,2.7.1-2
geoip,geoip,1.6.12-2
geoip,geoip-database,20240127-1
gettext,gettext,0.22.4-1
gfxstream,gfxstream,0.1.2-2
ghostscript,ghostscript,10.02.1-1
ghostwriter,ghostwriter,23.08.4-1
giflib,giflib,5.2.1-2
git,git,2.43.1-1
git,git-extras,7.4.0-1
glew,glew,2.2.0-6
glib,glib-networking,1:2.78.0-1
glib2,glib2,2.78.4-1
glibc,glibc,2.39-1
glibmm,glibmm,2.66.6-1
glm,glm,1.0.0-1
glslang,glslang,13.1.1-3
glu,glu,9.0.3-1
glusterfs,glusterfs,1:11.1-1
glycin,glycin,0.1.2-2
gmp,gmp,6.3.0-1
gnu,gnu-free-fonts,20120503-8
gnu,gnu-netcat,0.7.1-9
gnugo,gnugo,3.8-7
gnulib,gnulib-l10n,20241231-1
gnupg,gnupg,2.4.4-1
gnutls,gnutls,3.8.3-1
go,go,2:1.22.0-1
gobject,gobject-introspection-runtime,1.78.1-1
gocryptfs,gocryptfs,2.4.0-1
google,google-chrome,143.0.7499.109-1
gperf,gperf,3.1-5
gperftools,gperftools,2.15-1
gpgme,gpgme,1.23.2-1
gpm,gpm,1.20.7.r38.ge82d1a6-5
gradle,gradle,8.6-1
granatier,granatier,23.08.4-1
grandstream,grandstream,0.2-2
grantlee,grantlee,5.3.1-1
grantlee,grantlee-editor,23.08.4-1
grantleetheme,grantleetheme,23.08.4-1
graphene,graphene,1.10.8-1
graphicsmagick,graphicsmagick,1.3.42-2
graphite,graphite,1:1.3.14-3
graphviz,graphviz,9.0.0-1
grep,grep,3.11-1
groff,groff,1.23.0-5
grpc,grpc,1.60.1-1
grub,grub,2:2.12-1
gsasl,gsasl,2.2.1-1
gsettings,gsettings-desktop-schemas,45.0-1
gsfonts,gsfonts,20200910-3
gsl,gsl,2.7.1-3
gsm,gsm,1.0.22-1
gspell,gspell,1.12.2-2
gssdp,gssdp,1.6.3-1
gssproxy,gssproxy,0.9.2-1
gst,gst-libav,1.22.9-2
gst,gst-plugin-qml6,1.22.9-2
gst,gst-plugins-bad,1.22.9-2
gst,gst-plugins-bad-libs,1.22.9-2
gst,gst-plugins-base,1.22.9-2
gst,gst-plugins-base-libs,1.22.9-2
gst,gst-plugins-good,1.22.9-2
gstreamer,gstreamer,1.22.9-2
gtest,gtest,1.14.0-1
gtk,gtk-sharp-2,2.12.45-4
gtk,gtk-update-icon-cache,1:4.12.5-1
gtk2,gtk2,2.24.33-3
gtk3,gtk3,1:3.24.41-1
gtk4,gtk4,1:4.12.5-1
gtkmm3,gtkmm3,3.24.8-1
gtksourceview4,gtksourceview4,4.8.4-1
gts,gts,0.7.6.121130-2
guile,guile,3.0.9-1
gupnp,gupnp,1:1.6.6-1
gupnp,gupnp-igd,1.6.0-1
gwenview,gwenview,23.08.4-3
gyp,gyp,20230914.a03d7413-1
gzip,gzip,1.13-2
harfbuzz,harfbuzz,8.3.0-2
haveged,haveged,1.9.18-1
hdf5,hdf5,1.14.3-1
help2man,help2man,1.49.3-1
hicolor,hicolor-icon-theme,0.17-3
hidapi,hidapi,0.14.0-2
highway,highway,1.0.7-1
hiredis,hiredis,1.2.0-2
hostapd,hostapd,2.10-4
hping,hping,3.0.0-5
htop,htop,3.3.0-1
hunspell,hunspell,1.7.2-1
hwdata,hwdata,0.379-1
hwloc,hwloc,2.10.0-1
hypnotix,hypnotix,5.4-1
i2c,i2c-tools,4.3-4
iana,iana-etc,20231228-1
icu,icu,74.2-1
id3lib,id3lib,3.8.3-18
ijs,ijs,0.35-5
imagemagick,imagemagick,7.1.1.27-1
imath,imath,3.1.10-1
imlib2,imlib2,1.12.2-1
incidenceeditor,incidenceeditor,23.08.4-1
inetutils,inetutils,2.5-1
iniparser,iniparser,4.1-4
inkscape,inkscape,1.3.2-3
inotify,inotify-tools,4.23.9.0-1
intltool,intltool,0.51.0-6
iperf,iperf,2.1.9-1
iperf3,iperf3,3.16-1
iproute2,iproute2,6.7.0-1
iptables,iptables,1:1.8.10-1
iputils,iputils,20240117-1
iso,iso-codes,4.16.0-1
itinerary,itinerary,23.08.4-1
iw,iw,6.7-1
iwd,iwd,2.14-1
jack2,jack2,1.9.22-1
jansson,jansson,2.14-2
jasper,jasper,4.2.0-1
java,java-environment-common,3-5
java,java-runtime-common,3-5
jbig2dec,jbig2dec,0.20-1
jbigkit,jbigkit,2.1-7
jdk,jdk-openjdk,21.0.2.u13-3
jemalloc,jemalloc,1:5.3.0-3
jkqtplotter,jkqtplotter,5.0.0git20251013-1
json,json-c,0.17-1
json,json-glib,1.8.0-1
jsoncpp,jsoncpp,1.9.5-2
juk,juk,23.08.4-2
k3b,k3b,1:23.08.4-2
kaccounts,kaccounts-integration,23.08.4-1
kaccounts,kaccounts-providers,23.08.4-1
kactivities,kactivities-stats5,5.115.0-1
kactivities5,kactivities5,5.115.0-1
kactivitymanagerd,kactivitymanagerd,5.27.10-1
kaddressbook,kaddressbook,23.08.4-1
kajongg,kajongg,23.08.4-1
kalarm,kalarm,23.08.4-1
kalgebra,kalgebra,23.08.4-1
kalk,kalk,23.08.4-1
kalm,kalm,24.05.2-1
kalzium,kalzium,23.08.4-1
kamera,kamera,23.08.4-1
kamoso,kamoso,23.08.4-1
kanagram,kanagram,23.08.4-1
kapman,kapman,23.08.4-1
kapptemplate,kapptemplate,23.08.4-1
karchive,karchive,6.4.0-1
karchive5,karchive5,5.115.0-1
kasts,kasts,23.08.4-2
kate,kate,23.08.4-1
katomic,katomic,23.08.4-1
kauth,kauth,6.4.0-1
kauth5,kauth5,5.115.0-1
kbackup,kbackup,23.08.4-1
kbd,kbd,2.6.4-1
kblackbox,kblackbox,23.08.4-1
kblocks,kblocks,23.08.4-1
kbookmarks,kbookmarks,6.4.0-1
kbookmarks5,kbookmarks5,5.115.0-1
kbounce,kbounce,23.08.4-1
kbreakout,kbreakout,23.08.4-1
kbruch,kbruch,23.08.4-1
kcachegrind,kcachegrind,23.08.4-1
kcachegrind,kcachegrind-common,23.08.4-1
kcalc,kcalc,23.08.4-1
kcalendarcore,kcalendarcore,6.4.0-2
kcalendarcore5,kcalendarcore5,5.115.0-1
kcalutils,kcalutils,23.08.4-1
kcharselect,kcharselect,23.08.4-1
kclock,kclock,23.08.4-1
kcmutils,kcmutils,6.4.0-1
kcmutils5,kcmutils5,5.115.0-1
kcodecs,kcodecs,6.4.0-1
kcodecs5,kcodecs5,5.115.0-1
kcolorchooser,kcolorchooser,23.08.4-1
kcolorpicker,kcolorpicker-qt5,0.3.0-3
kcolorscheme,kcolorscheme,6.4.0-1
kcompletion,kcompletion,6.4.0-1
kcompletion5,kcompletion5,5.115.0-1
kconfig,kconfig,6.4.0-1
kconfig5,kconfig5,5.115.0-1
kconfigwidgets,kconfigwidgets,6.4.0-1
kconfigwidgets5,kconfigwidgets5,5.115.0-1
kcontacts,kcontacts,1:6.4.0-1
kcontacts5,kcontacts5,5.115.0-1
kcoreaddons,kcoreaddons,6.4.0-1
kcoreaddons5,kcoreaddons5,5.115.0-1
kcrash,kcrash,6.4.0-1
kcrash5,kcrash5,5.115.0-1
kcron,kcron,23.08.4-1
kdav,kdav,1:6.4.0-1
kdav5,kdav5,1:5.115.0-1
kdbusaddons,kdbusaddons,6.4.0-1
kdbusaddons5,kdbusaddons5,5.115.0-1
kde,kde-accessibility-meta,23.08-1
kde,kde-cli-tools,5.27.10-1
kde,kde-dev-scripts,23.08.4-1
kde,kde-dev-utils,23.08.4-1
kde,kde-education-meta,23.08-1
kde,kde-games-meta,23.08-1
kde,kde-graphics-meta,23.08-1
kde,kde-gtk-config,5.27.10-1
kde,kde-inotify-survey,23.08.4-1
kde,kde-network-meta,23.08-1
kde,kde-office-meta,23.08-1
kde,kde-pim-meta,23.08-1
kde,kde-sdk-meta,23.08-1
kde,kde-system-meta,23.08-1
kdebugsettings,kdebugsettings,23.08.4-1
kdeclarative,kdeclarative,6.4.0-1
kdeclarative5,kdeclarative5,5.115.0-1
kdeconnect,kdeconnect,23.08.4-2
kdecoration,kdecoration,5.27.10-1
kded,kded,6.4.0-1
kded5,kded5,5.115.0-1
kdeedu,kdeedu-data,23.08.4-1
kdegraphics,kdegraphics-mobipocket,23.08.4-1
kdegraphics,kdegraphics-thumbnailers,23.08.4-1
kdelibs4support,kdelibs4support,5.115.0-1
kdenetwork,kdenetwork-filesharing,23.08.4-1
kdepim,kdepim-addons,23.08.4-1
kdepim,kdepim-runtime,23.08.4-1
kdeplasma,kdeplasma-addons,5.27.10-2
kdesdk,kdesdk-kio,23.08.4-1
kdesdk,kdesdk-thumbnailers,23.08.4-1
kdesu,kdesu,6.4.0-1
kdesu5,kdesu5,5.115.0-1
kdevelop,kdevelop,23.08.4-1
kdevelop,kdevelop-meta,23.08-1
kdevelop,kdevelop-php,23.08.4-1
kdevelop,kdevelop-python,23.08.4-1
kdf,kdf,23.08.4-1
kdiagram,kdiagram,3.0.1-3
kdiagram5,kdiagram5,2.8.0-1
kdialog,kdialog,23.08.4-1
kdiamond,kdiamond,23.08.4-1
kdnssd,kdnssd,6.4.0-1
kdnssd5,kdnssd5,5.115.0-1
kdoctools,kdoctools,6.4.0-1
kdoctools5,kdoctools5,5.115.0-1
kdsoap,kdsoap-qt5,2.2.0-1
kdsoap,kdsoap-qt6,2.2.0-1
kdsoap,kdsoap-ws-discovery-client,0.3.0-2
keditbookmarks,keditbookmarks,23.08.4-1
keepassxc,keepassxc,2.7.6-2
kemoticons,kemoticons,5.115.0-1
keysmith,keysmith,23.08.4-1
keyutils,keyutils,1.6.3-2
kfilemetadata,kfilemetadata,6.4.0-1
kfilemetadata5,kfilemetadata5,5.115.0-1
kfind,kfind,23.08.4-1
kfourinline,kfourinline,23.08.4-1
kgamma,kgamma,5.27.10-2
kgeography,kgeography,23.08.4-1
kget,kget,23.08.4-1
kglobalaccel,kglobalaccel,6.4.0-1
kglobalaccel5,kglobalaccel5,5.115.0-1
kgoldrunner,kgoldrunner,23.08.4-1
kgpg,kgpg,23.08.4-1
kgraphviewer,kgraphviewer,2.4.3-5
kguiaddons5,kguiaddons5,5.115.0-1
khangman,khangman,23.08.4-1
khealthcertificate,khealthcertificate,23.01.0-2
khelpcenter,khelpcenter,23.08.4-1
kholidays,kholidays,1:6.4.0-1
kholidays5,kholidays5,1:5.115.0-1
khotkeys,khotkeys,5.27.10-1
khtml,khtml,5.115.0-1
ki18n,ki18n,6.4.0-1
ki18n5,ki18n5,5.115.1-1
kiconthemes,kiconthemes,6.4.0-1
kiconthemes5,kiconthemes5,5.115.0-1
kidentitymanagement,kidentitymanagement,23.08.4-1
kidletime,kidletime,6.4.0-1
kidletime5,kidletime5,5.115.0-1
kig,kig,23.08.4-1
kigo,kigo,23.08.4-1
killbots,killbots,23.08.4-1
kimageannotator,kimageannotator-qt5,0.7.0-2
kimageformats,kimageformats,6.4.0-2
kimagemapeditor,kimagemapeditor,23.08.4-1
kimap,kimap,23.08.4-1
kinfocenter,kinfocenter,5.27.10-1
kinit,kinit,5.115.0-1
kio,kio,6.4.1-1
kio,kio-admin,23.08.4-1
kio,kio-extras,23.08.4-2
kio,kio-fuse,5.1.0-1
kio,kio-gdrive,23.08.4-1
kio,kio-zeroconf,23.08.4-1
kio5,kio5,5.115.0-1
kirigami,kirigami,6.4.0-2
kirigami,kirigami-addons,1.4.0-1
kirigami,kirigami-addons5,0.11.0-7
kirigami,kirigami-gallery,23.08.4-1
kirigami2,kirigami2,5.115.0-1
kiriki,kiriki,23.08.4-1
kitemmodels,kitemmodels,6.4.0-1
kitemmodels5,kitemmodels5,5.115.0-1
kitemviews,kitemviews,6.4.0-1
kitemviews5,kitemviews5,5.115.0-1
kiten,kiten,23.08.4-1
kitinerary,kitinerary,23.08.4-1
kjobwidgets,kjobwidgets,6.4.0-1
kjobwidgets5,kjobwidgets5,5.115.0-1
kjournald,kjournald,23.08.4-1
kjs,kjs,5.115.0-1
kjumpingcube,kjumpingcube,23.08.4-1
kldap,kldap,23.08.4-1
kleopatra,kleopatra,23.08.4-1
klettres,klettres,23.08.4-1
klickety,klickety,23.08.4-1
klines,klines,23.08.4-1
kmag,kmag,23.08.4-1
kmahjongg,kmahjongg,23.08.4-1
kmail,kmail,23.08.4-1
kmail,kmail-account-wizard,23.08.4-1
kmailtransport,kmailtransport,23.08.4-1
kmbox,kmbox,23.08.4-1
kmenuedit,kmenuedit,5.27.10-1
kmime,kmime,23.08.4-1
kmines,kmines,23.08.4-1
kmix,kmix,23.08.4-1
kmod,kmod,31-1
kmousetool,kmousetool,23.08.4-1
kmouth,kmouth,23.08.4-1
kmplot,kmplot,23.08.4-1
knavalbattle,knavalbattle,23.08.4-1
knetwalk,knetwalk,23.08.4-1
knewstuff,knewstuff,6.4.0-1
knewstuff5,knewstuff5,5.115.0-1
knights,knights,23.08.4-1
knotes,knotes,23.08.4-1
knotifications,knotifications,6.4.0-1
knotifications5,knotifications5,5.115.0-1
knotifyconfig,knotifyconfig,6.4.0-1
knotifyconfig5,knotifyconfig5,5.115.0-1
koko,koko,23.08.4-1
kolf,kolf,23.08.4-1
kollision,kollision,23.08.4-1
kolourpaint,kolourpaint,23.08.4-1
kompare,kompare,23.08.4-1
kongress,kongress,23.08.4-1
konqueror,konqueror,23.08.4-1
konquest,konquest,23.08.4-1
konsole,konsole,23.08.4-2
kontact,kontact,23.08.4-1
kontactinterface,kontactinterface,23.08.4-1
kontrast,kontrast,23.08.4-1
konversation,konversation,23.08.4-1
kopeninghours,kopeninghours,23.08.4-1
kopete,kopete,23.08.4-1
korganizer,korganizer,23.08.4-1
kosmindoormap,kosmindoormap,23.08.4-1
kpackage,kpackage,6.4.0-1
kpackage5,kpackage5,5.115.0-1
kparts,kparts,6.4.0-1
kparts5,kparts5,5.115.0-1
kpat,kpat,23.08.4-1
kpeople,kpeople,6.4.0-1
kpeople5,kpeople5,5.115.0-1
kpeoplevcard,kpeoplevcard,0.1-2
kpimtextedit,kpimtextedit,23.08.4-1
kpipewire,kpipewire,5.27.10-1
kpkpass,kpkpass,23.08.4-1
kplotting,kplotting,6.4.0-1
kplotting5,kplotting5,5.115.0-1
kpmcore,kpmcore,23.08.4-1
kpty,kpty,6.4.0-1
kpty5,kpty5,5.115.0-1
kpublictransport,kpublictransport,23.08.4-1
kqtquickcharts,kqtquickcharts,23.08.4-1
kquickcharts,kquickcharts,6.4.0-1
kquickcharts5,kquickcharts5,5.115.0-1
kquickimageeditor,kquickimageeditor,0.3.0-2
kquickimageeditor5,kquickimageeditor5,0.3.0-2
krb5,krb5,1.21.2-2
krdc,krdc,23.08.4-1
krdp,krdp,6.1.3-1
krecorder,krecorder,23.08.4-1
kreversi,kreversi,23.08.4-1
krfb,krfb,23.08.4-1
kross,kross,5.115.0-1
kruler,kruler,23.08.4-1
krunner,krunner,6.4.0-1
krunner5,krunner5,5.115.0-1
ksanecore,ksanecore,23.08.4-1
kscreen,kscreen,5.27.10-1
kscreenlocker,kscreenlocker,5.27.10-1
kservice,kservice,6.4.0-1
kservice5,kservice5,5.115.0-1
kshisen,kshisen,23.08.4-1
ksirk,ksirk,23.08.4-1
ksmtp,ksmtp,23.08.4-1
ksnakeduel,ksnakeduel,23.08.4-1
kspaceduel,kspaceduel,23.08.4-1
ksquares,ksquares,23.08.4-1
ksshaskpass,ksshaskpass,5.27.10-1
kstatusnotifieritem,kstatusnotifieritem,6.4.0-1
ksudoku,ksudoku,23.08.4-1
ksvg,ksvg,6.4.0-1
ksystemlog,ksystemlog,23.08.4-1
ksystemstats,ksystemstats,5.27.10-1
kteatime,kteatime,23.08.4-1
ktextaddons,ktextaddons,1.5.3-1
ktexteditor,ktexteditor,6.4.0-1
ktexteditor5,ktexteditor5,5.115.0-1
ktexttemplate,ktexttemplate,6.4.0-1
ktextwidgets,ktextwidgets,6.4.0-1
ktextwidgets5,ktextwidgets5,5.115.0-1
ktimer,ktimer,23.08.4-1
ktnef,ktnef,23.08.4-1
ktorrent,ktorrent,23.08.4-2
ktouch,ktouch,23.08.4-1
ktrip,ktrip,23.08.4-1
ktuberling,ktuberling,23.08.4-1
kturtle,kturtle,23.08.4-1
kubrick,kubrick,23.08.4-1
kunifiedpush,kunifiedpush,25.12.0-1
kunitconversion,kunitconversion,6.4.0-1
kunitconversion5,kunitconversion5,5.115.0-1
kuserfeedback5,kuserfeedback5,1.3.0-4
kwallet,kwallet-pam,5.27.10-1
kwallet5,kwallet5,5.115.0-1
kwalletmanager,kwalletmanager,23.08.4-1
kwave,kwave,23.08.4-1
kwayland,kwayland,6.1.3-1
kwayland,kwayland-integration,5.27.10-1
kwayland5,kwayland5,5.115.0-1
kweather,kweather,23.08.4-1
kweathercore,kweathercore,0.7-3
kwidgetsaddons,kwidgetsaddons,6.4.1-1
kwidgetsaddons5,kwidgetsaddons5,5.115.0-1
kwin,kwin,5.27.10-2
kwindowsystem,kwindowsystem,6.4.0-1
kwindowsystem5,kwindowsystem5,5.115.0-1
kwordquiz,kwordquiz,23.08.4-1
kwrited,kwrited,5.27.10-1
kxmlgui,kxmlgui,6.4.0-1
kxmlgui5,kxmlgui5,5.115.0-1
l,l-smash,2.14.5-3
lame,lame,3.100-4
lapack,lapack,3.12.0-3
layer,layer-shell-qt,5.27.10-1
lcms2,lcms2,2.16-1
ldb,ldb,2:2.8.0-1
ldns,ldns,1.8.3-2
leancrypto,leancrypto,1.6.0-1
leptonica,leptonica,1.84.1-2
less,less,1:643-1
lib2geom,lib2geom,1.3-1
lib32,lib32-gcc-libs,13.2.1-5
lib32,lib32-glibc,2.39-1
lib32,lib32-ncurses,6.4_20230520-1
libaccounts,libaccounts-glib,1.26-2
libaccounts,libaccounts-qt,1.16-3
libaec,libaec,1.1.2-1
libaemu,libaemu,0.1.2-5
libaio,libaio,0.3.113-2
libakonadi,libakonadi,23.08.4-1
libarchive,libarchive,3.7.2-1
libass,libass,0.17.1-2
libassuan,libassuan,2.5.6-1
libasyncns,libasyncns,1:0.8+r3+g68cd5af-2
libatasmart,libatasmart,0.19-6
libavc1394,libavc1394,0.5.4-6
libavif,libavif,1.0.4-1
libavtp,libavtp,0.2.0-2
libb2,libb2,0.98.1-2
libblockdev,libblockdev,3.0.4-1
libbluray,libbluray,1.3.4-1
libbpf,libbpf,1.3.0-1
libbs2b,libbs2b,3.1.0-8
libbsd,libbsd,0.11.8-1
libburn,libburn,1.5.6-1
libbytesize,libbytesize,2.8-2
libcaca,libcaca,0.99.beta20-2
libcacard,libcacard,2.7.0-3
libcamera,libcamera,0.2.0-1
libcamera,libcamera-ipa,0.2.0-1
libcanberra,libcanberra,1:0.30+r2+gc0620e4-3
libcap,libcap,2.69-3
libcap,libcap-ng,0.8.4-1
libcbor,libcbor,0.10.2-1
libcdio,libcdio,2.1.0-3
libcdio,libcdio-paranoia,10.2+2.0.1-3
libcdr,libcdr,0.1.7-7
libcloudproviders,libcloudproviders,0.3.5-1
libcolord,libcolord,1.4.7-2
libcups,libcups,1:2.4.7-2
libcupsfilters,libcupsfilters,2.0.0-1
libdaemon,libdaemon,0.14-5
libdatachannel,libdatachannel,0.20.1-1
libdatrie,libdatrie,0.2.13-4
libdbusmenu,libdbusmenu-glib,16.04.0.r498-2
libdbusmenu,libdbusmenu-gtk3,16.04.0.r498-2
libdbusmenu,libdbusmenu-qt5,0.9.3+16.04.20160218-6
libdc1394,libdc1394,2.2.7-1
libdca,libdca,0.0.7-2
libde265,libde265,1.0.15-1
libdecor,libdecor,0.2.2-1
libdeflate,libdeflate,1.19-1
libdisplay,libdisplay-info,0.1.1-3
libdmtx,libdmtx,0.7.7-1
libdnet,libdnet,1.17.0-1
libdovi,libdovi,3.2.0-2
libdrm,libdrm,2.4.120-1
libdv,libdv,1.0.0-11
libdvbpsi,libdvbpsi,1:1.3.3-3
libdvdnav,libdvdnav,6.1.1-2
libdvdread,libdvdread,6.1.3-2
libebml,libebml,1.4.5-1
libebur128,libebur128,1.2.6-1
libedit,libedit,20230828_3.1-1
libei,libei,1.2.1-1
libelf,libelf,0.190-2
libepoxy,libepoxy,1.5.10-2
libevdev,libevdev,1.13.1-1
libevent,libevent,2.1.12-4
libexif,libexif,0.6.24-2
libfabric,libfabric,1.20.0-1
libfakekey,libfakekey,0.3-2
libfdk,libfdk-aac,2.0.3-1
libffi,libffi,3.4.4-1
libfontenc,libfontenc,1.1.7-1
libfreeaptx,libfreeaptx,0.1.1-1
libfyaml,libfyaml,0.9-1
libgcrypt,libgcrypt,1.10.3-1
libgdiplus,libgdiplus,5.6.1-4
libgirepository,libgirepository,1.78.1-1
libglvnd,libglvnd,1.7.0-1
libgme,libgme,0.6.3-4
libgnomekbd,libgnomekbd,1:3.28.1-1
libgpg,libgpg-error,1.47-1
libgphoto2,libgphoto2,2.5.31-1
libgravatar,libgravatar,23.08.4-1
libgudev,libgudev,238-1
libgusb,libgusb,0.4.8-1
libheif,libheif,1.17.6-3
libical,libical,3.0.17-2
libice,libice,1.1.1-2
libidn,libidn,1.42-1
libidn2,libidn2,2.3.7-1
libiec61883,libiec61883,1.2.0-7
libieee1284,libieee1284,0.2.11-15
libimagequant,libimagequant,4.2.2-2
libime,libime,1.1.5-1
libimobiledevice,libimobiledevice,1.3.0-10
libimobiledevice,libimobiledevice-glue,1.3.0-1
libinih,libinih,57-1
libinput,libinput,1.25.0-1
libinstpatch,libinstpatch,1.1.6-2
libiscsi,libiscsi,1.19.0-2
libisl,libisl,0.26-1
libisoburn,libisoburn,1.5.6-1
libisofs,libisofs,1.5.6-1
libjpeg,libjpeg-turbo,3.0.2-2
libjuice,libjuice,1.3.4-1
libjxl,libjxl,0.9.2-1
libkate,libkate,0.4.1-9
libkcddb5,libkcddb5,23.08.4-1
libkcompactdisc,libkcompactdisc,23.08.4-1
libkdcraw,libkdcraw,24.05.2-1
libkdcraw5,libkdcraw5,23.08.4-1
libkdegames,libkdegames,23.08.4-1
libkdepim,libkdepim,23.08.4-1
libkeduvocdocument,libkeduvocdocument,23.08.4-1
libkexiv2,libkexiv2,23.08.4-1
libkgapi,libkgapi,23.08.4-1
libkleo,libkleo,23.08.4-1
libkmahjongg,libkmahjongg,23.08.4-1
libkolabxml,libkolabxml,1.2.1-4
libkomparediff2,libkomparediff2,23.08.4-1
libksane,libksane,23.08.4-1
libksba,libksba,1.6.5-1
libkscreen,libkscreen,5.27.10-1
libksieve,libksieve,23.08.4-1
libksysguard,libksysguard,5.27.10-1
libktorrent,libktorrent,23.08.4-1
liblc3,liblc3,1.0.4-1
libldac,libldac,2.0.2.3-1
libldap,libldap,2.6.6-2
liblouis,liblouis,3.28.0-1
liblqr,liblqr,0.4.2-3
liblrdf,liblrdf,0.6.1-4
libltc,libltc,1.3.2-1
libmad,libmad,0.15.1b-10
libmalcontent,libmalcontent,0.11.1-4
libmatroska,libmatroska,1.7.1-1
libmaxminddb,libmaxminddb,1.9.1-1
libmbim,libmbim,1.30.0-1
libmd,libmd,1.1.0-1
libmfx,libmfx,23.2.2-2
libmicrodns,libmicrodns,0.2.0-1
libmm,libmm-glib,1.22.0-1
libmng,libmng,2.0.3-3
libmnl,libmnl,1.0.5-1
libmodplug,libmodplug,0.8.9.0-5
libmpc,libmpc,1.3.1-1
libmpcdec,libmpcdec,1:0.1+r475-4
libmpeg2,libmpeg2,0.5.1-8
libmsym,libmsym,0.2.3-8
libmtp,libmtp,1.1.21-1
libmusicbrainz5,libmusicbrainz5,5.1.0-5
libmysofa,libmysofa,1.3.2-1
libnbd,libnbd,1.18.1-3
libndp,libndp,1.8-1
libnet,libnet,2:1.3-1
libnetfilter_conntrack,libnetfilter_conntrack,1.0.9-1
libnetfilter_cthelper,libnetfilter_cthelper,1.0.1-1
libnetfilter_cttimeout,libnetfilter_cttimeout,1.0.1-1
libnetfilter_queue,libnetfilter_queue,1.0.5-1
libnewt,libnewt,0.52.23-2
libnfnetlink,libnfnetlink,1.0.2-1
libnfs,libnfs,5.0.2-1
libnftnl,libnftnl,1.2.6-1
libnghttp2,libnghttp2,1.59.0-2
libnghttp3,libnghttp3,1.1.0-2
libngtcp2,libngtcp2,1.2.0-1
libnice,libnice,0.1.21-2
libnl,libnl,3.9.0-1
libnm,libnm,1.44.2-3
libnma,libnma,1.10.6-2
libnma,libnma-common,1.10.6-2
libnma,libnma-gtk4,1.10.6-2
libnotify,libnotify,0.8.3-1
libnsl,libnsl,2.0.1-1
libnvme,libnvme,1.7.1-1
libodfgen,libodfgen,0.1.8-2
libogg,libogg,1.3.5-1
libolm,libolm,3.2.16-1
libomxil,libomxil-bellagio,0.9.3-4
libopenmpt,libopenmpt,0.7.3-1
libosinfo,libosinfo,1.11.0-1
libotr,libotr,4.1.1-4
libp11,libp11-kit,0.25.3-1
libpaper,libpaper,2.1.3-1
libpcap,libpcap,1.10.4-1
libpciaccess,libpciaccess,0.18-1
libpgm,libpgm,5.3.128-3
libphonenumber,libphonenumber,1:8.13.27-1
libpipeline,libpipeline,1.5.7-1
libpipewire,libpipewire,1:1.0.3-1
libplacebo,libplacebo,6.338.2-1
libplist,libplist,2.3.0-2
libpng,libpng,1.6.42-1
libppd,libppd,2.0.0-1
libproxy,libproxy,0.5.4-1
libpsl,libpsl,0.21.2-1
libpulse,libpulse,17.0-3
libqaccessibilityclient,libqaccessibilityclient-qt5,0.6.0-1
libqaccessibilityclient,libqaccessibilityclient-qt6,0.6.0-1
libqalculate,libqalculate,4.9.0-2
libqmi,libqmi,1.34.0-1
libqrtr,libqrtr-glib,1.2.2-2
libquotient,libquotient,0.8.1.2-1
libraqm,libraqm,0.10.1-1
libraw,libraw,0.21.2-1
libraw1394,libraw1394,2.1.2-3
libreswan,libreswan,5.3-1
librevenge,librevenge,0.0.5-2
librsvg,librsvg,2:2.57.1-1
libsamplerate,libsamplerate,0.2.2-2
libsasl,libsasl,2.1.28-4
libseccomp,libseccomp,2.5.5-2
libsecret,libsecret,0.21.3-1
libshout,libshout,1:2.4.6-2
libsigc++,libsigc++,2.12.1-1
libsixel,libsixel,1.10.3-5
libslirp,libslirp,4.7.0-1
libsm,libsm,1.2.4-1
libsndfile,libsndfile,1.2.2-2
libsodium,libsodium,1.0.19-2
libsoup,libsoup,2.74.3-1
libsoup3,libsoup3,3.4.4-1
libsoxr,libsoxr,0.1.3-3
libspectre,libspectre,0.2.12-1
libspeechd,libspeechd,0.11.5-1
libspnav,libspnav,1.1-1
libsrtp,libsrtp,1:2.5.0-1
libssh,libssh,0.10.6-2
libssh2,libssh2,1.11.0-1
libstemmer,libstemmer,2.2.0-2
libsysprof,libsysprof-capture,45.2-1
libtar,libtar,1.2.20-6
libtasn1,libtasn1,4.19.0-1
libtatsu,libtatsu,1.0.5-1
libteam,libteam,1.32-1
libthai,libthai,0.1.29-3
libtheora,libtheora,1.1.1-6
libtiff,libtiff,4.6.0-2
libtirpc,libtirpc,1.3.4-1
libtommath,libtommath,1.2.1-1
libtool,libtool,2.4.7+4+g1ec8fa28-7
libtraceevent,libtraceevent,1:1.8.2-1
libtracefs,libtracefs,1.8.0-1
libubox,libubox,master_7928f17-1
libunibreak,libunibreak,5.1-1
libunistring,libunistring,1.1-2
libunwind,libunwind,1.7.2-1
libupnp,libupnp,1.14.18-1
liburcu,liburcu,0.14.0-1
liburing,liburing,2.5-1
libusb,libusb,1.0.27-1
libusbmuxd,libusbmuxd,2.0.2-3
libutempter,libutempter,1.2.1-4
libuv,libuv,1.48.0-1
libva,libva,2.20.0-1
libvdpau,libvdpau,1.5-2
libverto,libverto,0.3.2-4
libvirt,libvirt,1:10.0.0-3
libvirt,libvirt-python,1:10.0.0-1
libvisio,libvisio,0.1.7-10
libvncserver,libvncserver,0.9.14-2
libvorbis,libvorbis,1.3.7-3
libvpl,libvpl,2.10.1-1
libvpx,libvpx,1.14.0-1
libwacom,libwacom,2.10.0-1
libwbclient,libwbclient,4.19.4-1
libwebp,libwebp,1.3.2-1
libwireplumber,libwireplumber,0.4.17-1
libwpd,libwpd,0.10.3-4
libwpg,libwpg,0.3.4-1
libx11,libx11,1.8.7-1
libxau,libxau,1.0.11-2
libxaw,libxaw,1.0.15-1
libxcb,libxcb,1.16-1
libxcomposite,libxcomposite,0.4.6-1
libxcrypt,libxcrypt,4.4.36-1
libxcrypt,libxcrypt-compat,4.4.36-1
libxcursor,libxcursor,1.2.1-3
libxcvt,libxcvt,0.1.2-1
libxdamage,libxdamage,1.1.6-1
libxdmcp,libxdmcp,1.1.4-2
libxdp,libxdp,1.4.2-1
libxext,libxext,1.3.6-1
libxfixes,libxfixes,6.0.1-1
libxfont2,libxfont2,2.0.6-2
libxft,libxft,2.3.8-1
libxi,libxi,1.8.1-1
libxinerama,libxinerama,1.1.5-1
libxkbcommon,libxkbcommon,1.6.0-1
libxkbcommon,libxkbcommon-x11,1.6.0-1
libxkbfile,libxkbfile,1.1.3-1
libxklavier,libxklavier,5.4-5
libxml++,libxml++,3.2.5-1
libxml2,libxml2,2.12.5-1
libxmlb,libxmlb,0.3.15-1
libxmu,libxmu,1.1.4-1
libxpm,libxpm,3.5.17-1
libxpresent,libxpresent,1.0.1-1
libxrandr,libxrandr,1.5.4-1
libxrender,libxrender,0.9.11-1
libxres,libxres,1.2.2-1
libxshmfence,libxshmfence,1.3.2-1
libxslt,libxslt,1.1.39-1
libxss,libxss,1.2.4-1
libxt,libxt,1.3.0-1
libxtst,libxtst,1.2.4-1
libxv,libxv,1.0.12-1
libxxf86vm,libxxf86vm,1.1.5-1
libyaml,libyaml,0.2.5-2
libyuv,libyuv,r2426+464c51a0-1
libzip,libzip,1.10.1-1
licenses,licenses,20240206-1
lilv,lilv,0.24.24-1
linux,linux,6.7.4.arch1-1
linux,linux-api-headers,6.7-1
linux,linux-firmware,20240115.9b6d0b08-2
linux,linux-firmware-whence,20240115.9b6d0b08-2
linux,linux-lts,6.6.16-1
linux,linux-wifi-hotspot,1:4.7.2-2
lksctp,lksctp-tools,1.0.19-1
llvm,llvm,16.0.6-1
llvm,llvm-libs,16.0.6-1
lm_sensors,lm_sensors,1:3.6.0.r41.g31d1f125-2
lmdb,lmdb,0.9.31-1
lokalize,lokalize,23.08.4-1
lskat,lskat,23.08.4-1
lua,lua,5.4.6-3
lua52,lua52,5.2.4-6
lua53,lua53,5.3.6-2
luajit,luajit,2.1.1702233742-1
lv2,lv2,1.18.10-1
lvm2,lvm2,2.03.23-1
lz4,lz4,1:1.9.4-2
lzip,lzip,1.24-1
lzo,lzo,2.10-5
lzop,lzop,1.04-3
m4,m4,1.4.19-3
maeparser,maeparser,1.3.1-2
mailcap,mailcap,2.1.54-1
mailcommon,mailcommon,23.08.4-1
mailimporter,mailimporter,23.08.4-1
mailutils,mailutils,3.17-1
make,make,4.4.1-2
man,man-db,2.12.0-1
marble,marble,23.08.4-1
marble,marble-common,23.08.4-1
mariadb,mariadb,11.2.3-1
mariadb,mariadb-clients,11.2.3-1
mariadb,mariadb-libs,11.2.3-1
marisa,marisa,0.2.6-11
markdownpart,markdownpart,23.08.4-1
massif,massif-visualizer,0.7.0-5
mbedtls,mbedtls,3.5.1-1
mbedtls2,mbedtls2,2.28.7-1
mbox,mbox-importer,23.08.4-1
md4c,md4c,0.5.2-1
mdadm,mdadm,4.2-2
media,media-player-info,24-2
merkuro,merkuro,23.08.4-1
mesa,mesa,1:23.3.5-1
mesa,mesa-utils,9.0.0-3
meson,meson,1.3.1-2
messagelib,messagelib,23.08.4-1
milou,milou,5.27.10-1
mimetreeparser,mimetreeparser,24.05.2-1
mingw,mingw-w64-binutils,2.39-1
mingw,mingw-w64-crt,11.0.0-1
mingw,mingw-w64-gcc,13.1.0-1
mingw,mingw-w64-headers,11.0.0-1
mingw,mingw-w64-winpthreads,11.0.0-1
minicom,minicom,2.11.1-1
minizip,minizip,1:1.3.1-1
minuet,minuet,23.08.4-1
mjpegtools,mjpegtools,2.2.1-2
mkinitcpio,mkinitcpio,37.3-1
mkinitcpio,mkinitcpio-busybox,1.36.1-1
mlt,mlt,7.22.0-3
mobile,mobile-broadband-provider-info,20230416-1
modemmanager,modemmanager,1.22.0-1
modemmanager,modemmanager-qt,6.4.0-1
modemmanager,modemmanager-qt5,5.115.0-1
molequeue,molequeue,0.9.0-3
mono,mono,6.12.0.205-1
moreutils,moreutils,0.68-1
mpdecimal,mpdecimal,2.5.1-1
mpfr,mpfr,4.2.1-2
mpg123,mpg123,1.32.4-1
mpv,mpv,1:0.37.0-2
mpvqt,mpvqt,1.0.0-1
mtd,mtd-utils,2.1.6-1
mtdev,mtdev,1.1.6-2
mujs,mujs,1.3.4-1
multipath,multipath-tools,0.9.7-4
namcap,namcap,3.5.2-1
nasm,nasm,2.16.01-1
ncurses,ncurses,6.4_20230520-1
ncurses5,ncurses5-compat-libs,6.5-1
ndctl,ndctl,78-1
neochat,neochat,23.08.4-2
neon,neon,0.33.0-1
net,net-snmp,5.9.2-2
net,net-tools,2.10-2
netpbm,netpbm,10.86.40-1
nettle,nettle,3.9.1-1
networkmanager,networkmanager,1.44.2-3
networkmanager,networkmanager-libreswan,1.2.24-1
networkmanager,networkmanager-openvpn,1.10.2-3
networkmanager,networkmanager-qt,6.4.0-1
networkmanager,networkmanager-qt5,5.115.0-1
nfs,nfs-utils,2.6.4-1
nfsidmap,nfsidmap,2.6.4-1
nftables,nftables,1:1.0.9-1
nginx,nginx,1.24.0-3
ninja,ninja,1.11.1-3
nmap,nmap,7.94-2
node,node-gyp,10.0.1-1
nodejs,nodejs,21.6.1-1
nodejs,nodejs-nopt,7.2.0-1
noto,noto-fonts,1:24.2.1-1
noto,noto-fonts-cjk,20230817-1
noto,noto-fonts-emoji,1:2.042-1
noto,noto-fonts-extra,1:24.2.1-1
npm,npm,10.4.0-2
npth,npth,1.6-4
nspr,nspr,4.35-2
nss,nss,3.97-1
numactl,numactl,2.0.18-1
nvidia,nvidia-utils,545.29.06-3
nvm,nvm,0.40.3-1
obs,obs-studio,30.0.2-3
ocean,ocean-sound-theme,6.1.3-1
ocl,ocl-icd,2.3.2-1
okular,okular,23.08.4-1
onetbb,onetbb,2021.11.0-1
oniguruma,oniguruma,6.9.9-1
openal,openal,1.23.1-1
openbabel,openbabel,3.1.1-7
opencc,opencc,1.1.7-1
opencore,opencore-amr,0.1.6-1
opencv,opencv,4.9.0-2
openexr,openexr,3.2.2-1
openh264,openh264,2.4.1-1
openjpeg2,openjpeg2,2.5.0-3
openmpi,openmpi,5.0.2-2
openpmix,openpmix,4.2.9-1
openssh,openssh,9.6p1-1
openssl,openssl,3.2.1-1
openssl,openssl-1.0,1.0.2.u-7
openssl,openssl-1.1,1.1.1.w-1
opentimelineio,opentimelineio,0.15-4
openucx,openucx,1.15.0-2
openvpn,openvpn,2.6.8-1
openxr,openxr,1.0.33-1
opus,opus,1.4-1
orc,orc,0.4.37-1
osinfo,osinfo-db,20231215-1
ostree,ostree,2024.1-1
ovpn,ovpn-dco-dkms,1:0.2.20250922-2
oxygen,oxygen,5.27.10-1
oxygen,oxygen-sounds,5.27.10-1
p11,p11-kit,0.25.3-1
pacman,pacman,6.0.2-9
pacman,pacman-mirrorlist,20231001-1
palapeli,palapeli,23.08.4-1
pam,pam,1.6.0-3
pambase,pambase,20230918-1
pango,pango,1:1.51.1-1
pangomm,pangomm,2.46.4-1
parley,parley,23.08.4-1
parted,parted,3.6-1
partitionmanager,partitionmanager,23.08.4-1
patch,patch,2.7.6-10
pciutils,pciutils,3.10.0-1
pcre,pcre,8.45-4
pcre2,pcre2,10.42-2
pcsclite,pcsclite,2.0.1-1
perl,perl,5.38.2-1
perl,perl-clone,0.46-2
perl,perl-encode-locale,1.05-11
perl,perl-error,0.17029-5
perl,perl-file-listing,6.16-2
perl,perl-html-parser,3.81-2
perl,perl-html-tagset,3.20-14
perl,perl-http-cookiejar,0.014-1
perl,perl-http-cookies,6.11-1
perl,perl-http-daemon,6.16-2
perl,perl-http-date,6.06-1
perl,perl-http-message,6.45-1
perl,perl-http-negotiate,6.01-12
perl,perl-io-html,1.004-4
perl,perl-io-tty,1.20-1
perl,perl-ipc-run,20231003.0-1
perl,perl-libwww,6.72-1
perl,perl-locale-gettext,1.07-14
perl,perl-lwp-mediatypes,6.04-4
perl,perl-mailtools,2.21-7
perl,perl-net-http,6.23-2
perl,perl-time-duration,1:1.21-1
perl,perl-timedate,2.33-5
perl,perl-try-tiny,0.31-3
perl,perl-uri,5.21-1
perl,perl-www-robotrules,6.02-12
perl,perl-xml-parser,2.46-5
phonon,phonon-qt5,4.12.0-3
phonon,phonon-qt5-gstreamer,4.10.0-4
phonon,phonon-qt6,4.12.0-3
phonon,phonon-qt6-vlc,0.12.0-2
php,php,8.3.2-1
php,php-pear,1:1.10.24-2
picmi,picmi,23.08.4-1
pim,pim-data-exporter,23.08.4-1
pim,pim-sieve-editor,23.08.4-1
pimcommon,pimcommon,23.08.4-1
pinentry,pinentry,1.2.1-3
pipewire,pipewire,1:1.0.3-1
pipewire,pipewire-audio,1:1.0.3-1
pipewire,pipewire-pulse,1:1.0.3-1
pipewire,pipewire-session-manager,1:1.0.3-1
pixman,pixman,0.43.2-1
pkcs11,pkcs11-helper,1.30.0-1
pkgconf,pkgconf,2.1.0-2
plasma,plasma-activities,6.1.3-1
plasma,plasma-activities-stats,6.1.3-1
plasma,plasma-browser-integration,5.27.10-1
plasma,plasma-desktop,5.27.10-1
plasma,plasma-disks,5.27.10-1
plasma,plasma-firewall,5.27.10-1
plasma,plasma-framework5,5.115.0-1
plasma,plasma-integration,5.27.10-1
plasma,plasma-meta,5.27-4
plasma,plasma-nm,5.27.10-1
plasma,plasma-pa,5.27.10-1
plasma,plasma-sdk,5.27.10-1
plasma,plasma-systemmonitor,5.27.10-1
plasma,plasma-thunderbolt,5.27.10-1
plasma,plasma-vault,5.27.10-1
plasma,plasma-welcome,5.27.10-1
plasma,plasma-workspace,5.27.10-2
plasma,plasma-workspace-wallpapers,5.27.10-1
plasmatube,plasmatube,23.08.4-1
plymouth,plymouth,24.004.60-5
plymouth,plymouth-kcm,5.27.10-1
polkit,polkit,124-2
polkit,polkit-kde-agent,5.27.10-1
polkit,polkit-qt5,0.175.0-1
polkit,polkit-qt6,0.175.0-1
poppler,poppler,24.01.0-1
poppler,poppler-data,0.4.12-1
poppler,poppler-glib,24.01.0-1
poppler,poppler-qt5,24.01.0-1
poppler,poppler-qt6,24.01.0-1
popt,popt,1.19-1
portaudio,portaudio,1:19.7.0-2
postgresql,postgresql-libs,16.1-5
potrace,potrace,1.16-2
powerdevil,powerdevil,5.27.10-2
poxml,poxml,23.08.4-1
ppp,ppp,2.5.0-3
pptpd,pptpd,1.4.0-3
print,print-manager,23.08.4-1
prison,prison,6.4.0-1
prison5,prison5,5.115.0-1
procps,procps-ng,4.0.4-2
protobuf,protobuf,25.2-1
protobuf,protobuf-c,1.5.0-1
prrte,prrte,3.0.4-1
psmisc,psmisc,23.6-1
pugixml,pugixml,1.14-1
pulse,pulse-native-provider,1:1.0.3-1
pulseaudio,pulseaudio-qt,1.4.0-1
purpose5,purpose5,5.115.0-1
pyalpm,pyalpm,0.10.6-5
pyside2,pyside2,5.15.12-1
pyside6,pyside6,6.6.1-1
python,python,3.11.7-1
python,python-aaf2,1.7.1-1
python,python-annotated-types,0.6.0-1
python,python-appdirs,1.4.4-9
python,python-attrs,23.1.0-1
python,python-autocommand,2.2.2-4
python,python-automat,22.10.0-3
python,python-babel,2.12.1-2
python,python-beautifulsoup4,4.12.2-1
python,python-boolean.py,4.0-2
python,python-cachecontrol,1:0.14.0-2
python,python-cairo,1.25.1-1
python,python-certifi,2024.02.02-1
python,python-chardet,5.2.0-1
python,python-charset-normalizer,3.3.2-1
python,python-cinemagoer,2023.05.01-1
python,python-click,8.1.7-1
python,python-constantly,15.1.0-14
python,python-coverage,6.5.0-5
python,python-cssselect,1.2.0-3
python,python-distlib,0.3.8-1
python,python-distro,1.9.0-1
python,python-docutils,1:0.20.1-1
python,python-fastjsonschema,2.19.1-1
python,python-filelock,3.13.1-1
python,python-gobject,3.46.0-1
python,python-greenlet,3.0.1-1
python,python-hyperlink,21.0.0-5
python,python-idna,3.6-1
python,python-imagesize,1.4.1-4
python,python-importlib-metadata,5.1.0-1
python,python-incremental,22.10.0-3
python,python-inflect,7.0.0-2
python,python-jaraco.classes,3.3.0-1
python,python-jaraco.collections,3.5.2-3
python,python-jaraco.context,4.3.0-3
python,python-jaraco.functools,4.0.0-1
python,python-jaraco.text,3.12.0-1
python,python-jinja,1:3.1.3-1
python,python-license-expression,30.2.0-1
python,python-lockfile,0.12.2-12
python,python-lxml,4.9.2-3
python,python-markupsafe,2.1.4-1
python,python-more-itertools,10.1.0-1
python,python-msgpack,1.0.5-1
python,python-numpy,1.26.3-1
python,python-ordered-set,4.1.0-4
python,python-packaging,23.2-1
python,python-pillow,10.2.0-1
python,python-platformdirs,4.1.0-1
python,python-psutil,5.9.8-1
python,python-pydantic,2.6.1-1
python,python-pydantic-core,1:2.16.2-1
python,python-pyelftools,0.30-1
python,python-pygdbmi,0.11.0.0-3
python,python-pygments,2.17.2-1
python,python-pyserial,3.5-5
python,python-pytz,2024.1-1
python,python-qtpy,2.4.0-1
python,python-requests,2.31.0-1
python,python-roman-numerals-py,3.1.0-1
python,python-sentry_sdk,1.40.3-1
python,python-setproctitle,1.3.3-1
python,python-setuptools,1:69.0.3-1
python,python-shiboken2,5.15.12-1
python,python-six,1.16.0-8
python,python-snowballstemmer,2.2.0-5
python,python-soupsieve,2.5-1
python,python-sphinx,7.2.6-1
python,python-sphinx-alabaster-theme,0.7.16-1
python,python-sphinxcontrib-applehelp,1.0.8-1
python,python-sphinxcontrib-devhelp,1.0.6-1
python,python-sphinxcontrib-htmlhelp,2.0.5-1
python,python-sphinxcontrib-jsmath,1.0.1-15
python,python-sphinxcontrib-qthelp,1.0.7-1
python,python-sphinxcontrib-serializinghtml,1.1.10-1
python,python-sqlalchemy,1.4.44-2
python,python-termcolor,2.4.0-1
python,python-tinycss2,1.2.1-2
python,python-tomli,2.0.1-3
python,python-tqdm,4.66.2-1
python,python-trove-classifiers,2024.1.31-1
python,python-twisted,22.10.0-3
python,python-typeguard,4.1.5-1
python,python-typing_extensions,4.9.0-1
python,python-unidecode,1.3.8-1
python,python-urllib3,1.26.18-1
python,python-validate-pyproject,0.13-1
python,python-virtualenv,20.25.0-1
python,python-webencodings,0.5.1-10
python,python-wheel,0.42.0-1
python,python-ytmusicapi,1.5.2-1
python,python-zipp,3.17.0-1
python,python-zope-interface,6.1-1
python,python-zstandard,0.22.0-1
python2,python2,2.7.18-13
qca,qca-qt5,2.3.8-1
qca,qca-qt6,2.3.8-1
qcoro,qcoro,0.12.0-1
qcoro,qcoro-qt5,0.10.0-1
qemu,qemu-audio-alsa,8.2.1-2
qemu,qemu-audio-dbus,8.2.1-2
qemu,qemu-audio-jack,8.2.1-2
qemu,qemu-audio-oss,8.2.1-2
qemu,qemu-audio-pa,8.2.1-2
qemu,qemu-audio-pipewire,8.2.1-2
qemu,qemu-audio-sdl,8.2.1-2
qemu,qemu-audio-spice,8.2.1-2
qemu,qemu-base,8.2.1-2
qemu,qemu-block-curl,8.2.1-2
qemu,qemu-block-dmg,8.2.1-2
qemu,qemu-block-gluster,8.2.1-2
qemu,qemu-block-iscsi,8.2.1-2
qemu,qemu-block-nfs,8.2.1-2
qemu,qemu-block-ssh,8.2.1-2
qemu,qemu-chardev-baum,8.2.1-2
qemu,qemu-chardev-spice,8.2.1-2
qemu,qemu-common,8.2.1-2
qemu,qemu-desktop,8.2.1-2
qemu,qemu-docs,8.2.1-2
qemu,qemu-emulators-full,8.2.1-2
qemu,qemu-full,8.2.1-2
qemu,qemu-hw-display-qxl,8.2.1-2
qemu,qemu-hw-display-virtio-gpu,8.2.1-2
qemu,qemu-hw-display-virtio-gpu-gl,8.2.1-2
qemu,qemu-hw-display-virtio-gpu-pci,8.2.1-2
qemu,qemu-hw-display-virtio-gpu-pci-gl,8.2.1-2
qemu,qemu-hw-display-virtio-gpu-pci-rutabaga,10.1.2-3
qemu,qemu-hw-display-virtio-gpu-rutabaga,10.1.2-3
qemu,qemu-hw-display-virtio-vga,8.2.1-2
qemu,qemu-hw-display-virtio-vga-gl,8.2.1-2
qemu,qemu-hw-display-virtio-vga-rutabaga,10.1.2-3
qemu,qemu-hw-s390x-virtio-gpu-ccw,8.2.1-2
qemu,qemu-hw-uefi-vars,10.1.2-3
qemu,qemu-hw-usb-host,8.2.1-2
qemu,qemu-hw-usb-redirect,8.2.1-2
qemu,qemu-hw-usb-smartcard,8.2.1-2
qemu,qemu-img,8.2.1-2
qemu,qemu-pr-helper,8.2.1-2
qemu,qemu-system-aarch64,8.2.1-2
qemu,qemu-system-alpha,8.2.1-2
qemu,qemu-system-alpha-firmware,8.2.1-2
qemu,qemu-system-arm,8.2.1-2
qemu,qemu-system-arm-firmware,8.2.1-2
qemu,qemu-system-avr,8.2.1-2
qemu,qemu-system-cris,8.2.1-2
qemu,qemu-system-hppa,8.2.1-2
qemu,qemu-system-hppa-firmware,8.2.1-2
qemu,qemu-system-loongarch64,8.2.1-2
qemu,qemu-system-m68k,8.2.1-2
qemu,qemu-system-microblaze,8.2.1-2
qemu,qemu-system-microblaze-firmware,8.2.1-2
qemu,qemu-system-mips,8.2.1-2
qemu,qemu-system-nios2,8.2.1-2
qemu,qemu-system-or1k,8.2.1-2
qemu,qemu-system-ppc,8.2.1-2
qemu,qemu-system-ppc-firmware,8.2.1-2
qemu,qemu-system-riscv,8.2.1-2
qemu,qemu-system-riscv-firmware,8.2.1-2
qemu,qemu-system-rx,8.2.1-2
qemu,qemu-system-s390x,8.2.1-2
qemu,qemu-system-s390x-firmware,8.2.1-2
qemu,qemu-system-sh4,8.2.1-2
qemu,qemu-system-sparc,8.2.1-2
qemu,qemu-system-sparc-firmware,8.2.1-2
qemu,qemu-system-tricore,8.2.1-2
qemu,qemu-system-x86,8.2.1-2
qemu,qemu-system-x86-firmware,8.2.1-2
qemu,qemu-system-xtensa,8.2.1-2
qemu,qemu-tests,8.2.1-2
qemu,qemu-tools,8.2.1-2
qemu,qemu-ui-curses,8.2.1-2
qemu,qemu-ui-dbus,8.2.1-2
qemu,qemu-ui-egl-headless,8.2.1-2
qemu,qemu-ui-gtk,8.2.1-2
qemu,qemu-ui-opengl,8.2.1-2
qemu,qemu-ui-sdl,8.2.1-2
qemu,qemu-ui-spice-app,8.2.1-2
qemu,qemu-ui-spice-core,8.2.1-2
qemu,qemu-user,8.2.1-2
qemu,qemu-vhost-user-gpu,8.2.1-2
qemu,qemu-vmsr-helper,10.1.2-3
qgpgme,qgpgme-qt5,1.23.2-1
qgpgme,qgpgme-qt6,1.23.2-1
qhull,qhull,2020.2-4
qpdf,qpdf,11.8.0-1
qqc2,qqc2-breeze-style,6.1.3-1
qqc2,qqc2-desktop-style,6.4.0-1
qqc2,qqc2-desktop-style5,5.115.0-1
qrca,qrca,25.12.0-1
qrcodegencpp,qrcodegencpp-cmake,1.8.0-4
qrencode,qrencode,4.1.1-2
qt5,qt5-base,5.15.12+kde+r150-1
qt5,qt5-charts,5.15.12-1
qt5,qt5-declarative,5.15.12+kde+r31-1
qt5,qt5-feedback,0.0.0.20150918-4
qt5,qt5-graphicaleffects,5.15.12-1
qt5,qt5-imageformats,5.15.12+kde+r10-1
qt5,qt5-location,5.15.12+kde+r6-1
qt5,qt5-multimedia,5.15.12+kde+r2-1
qt5,qt5-networkauth,5.15.12-1
qt5,qt5-quickcontrols,5.15.12-1
qt5,qt5-quickcontrols2,5.15.12+kde+r5-1
qt5,qt5-script,5.15.16-2
qt5,qt5-sensors,5.15.12-1
qt5,qt5-speech,5.15.12+kde+r1-1
qt5,qt5-svg,5.15.12+kde+r6-1
qt5,qt5-tools,5.15.12+kde+r4-1
qt5,qt5-translations,5.15.12-1
qt5,qt5-wayland,5.15.12+kde+r61-1
qt5,qt5-webchannel,5.15.12+kde+r3-1
qt5,qt5-webengine,5.15.16-3
qt5,qt5-websockets,5.15.12+kde+r2-1
qt5,qt5-webview,5.15.12-1
qt5,qt5-x11extras,5.15.12-1
qt5,qt5-xmlpatterns,5.15.12-1
qt6,qt6-5compat,6.6.1-2
qt6,qt6-base,6.6.1-3
qt6,qt6-charts,6.6.1-1
qt6,qt6-connectivity,6.6.1-1
qt6,qt6-declarative,6.6.1-1
qt6,qt6-httpserver,6.6.1-1
qt6,qt6-imageformats,6.6.1-1
qt6,qt6-location,6.6.1-1
qt6,qt6-multimedia,6.6.1-1
qt6,qt6-multimedia-ffmpeg,6.6.1-1
qt6,qt6-multimedia-gstreamer,6.6.1-1
qt6,qt6-networkauth,6.6.1-1
qt6,qt6-positioning,6.6.1-1
qt6,qt6-quick3d,6.6.1-1
qt6,qt6-quicktimeline,6.6.1-1
qt6,qt6-scxml,6.6.1-1
qt6,qt6-sensors,6.6.1-1
qt6,qt6-shadertools,6.6.1-1
qt6,qt6-speech,6.6.1-1
qt6,qt6-svg,6.6.1-1
qt6,qt6-tools,6.6.1-1
qt6,qt6-translations,6.6.1-1
qt6,qt6-virtualkeyboard,6.6.1-1
qt6,qt6-wayland,6.6.1-1
qt6,qt6-webchannel,6.6.1-1
qt6,qt6-webengine,6.6.1-2
qt6,qt6-websockets,6.6.1-1
qt6,qt6-webview,6.6.1-1
qtkeychain,qtkeychain-qt5,0.14.2-1
qtkeychain,qtkeychain-qt6,0.14.2-1
radvd,radvd,2.19-1
ragel,ragel,6.10-3
raptor,raptor,2.0.16-4
rav1e,rav1e,0.7.1-1
rdma,rdma-core,49.0-1
re2,re2,1:20240201-1
readline,readline,8.2.010-1
recastnavigation,recastnavigation,1.6.0-2
repo,repo,2.41-1
rhash,rhash,1.4.4-1
ripgrep,ripgrep,14.1.0-1
ripgrep,ripgrep-all,0.10.6-3
rnnoise,rnnoise,0.4.1-1
rocs,rocs,23.08.4-1
rp,rp-pppoe,4.0-1
rpcbind,rpcbind,1.2.6-3
rpm,rpm-sequoia,1.6.0-1
rpm,rpm-tools,4.18.2-1
rsync,rsync,3.2.7-6
rtkit,rtkit,0.13-2
rtmpdump,rtmpdump,1:2.4.r99.f1b83c1-2
rubberband,rubberband,3.3.0-1
ruby,ruby,3.0.6-1
ruby,ruby-abbrev,0.1.0-4
ruby,ruby-base64,0.1.1-4
ruby,ruby-benchmark,0.2.0-4
ruby,ruby-bigdecimal,3.1.2-4
ruby,ruby-bundledgems,3.0.6-1
ruby,ruby-bundler,2.5.4-1
ruby,ruby-cgi,0.3.6-1
ruby,ruby-csv,3.2.5-4
ruby,ruby-date,3.2.2-4
ruby,ruby-delegate,0.2.0-4
ruby,ruby-did_you_mean,1.6.1-4
ruby,ruby-digest,3.1.1-1
ruby,ruby-drb,2.1.0-5
ruby,ruby-english,0.7.1-5
ruby,ruby-erb,4.0.2-2
ruby,ruby-etc,1.3.0-6
ruby,ruby-fcntl,1.0.1-4
ruby,ruby-fiddle,1.1.0-4
ruby,ruby-fileutils,1.6.0-4
ruby,ruby-find,0.1.1-4
ruby,ruby-forwardable,1.3.2-6
ruby,ruby-getoptlong,0.1.1-3
ruby,ruby-io-console,0.5.11-3
ruby,ruby-io-nonblock,0.1.0-3
ruby,ruby-io-wait,0.2.3-4
ruby,ruby-ipaddr,1.2.4-3
ruby,ruby-irb,1.4.2-1
ruby,ruby-json,2.7.1-1
ruby,ruby-logger,1.5.1-3
ruby,ruby-minitest,5.20.0-1
ruby,ruby-mutex_m,0.1.1-3
ruby,ruby-net-http,0.2.2-2
ruby,ruby-open-uri,0.2.0-3
ruby,ruby-power_assert,2.0.3-1
ruby,ruby-psych,4.0.6-1
ruby,ruby-racc,1.6.0-3
ruby,ruby-rake,13.0.6-1
ruby,ruby-rdoc,6.4.0-4
ruby,ruby-reline,0.3.1-2
ruby,ruby-rexml,3.2.6-1
ruby,ruby-rouge,4.2.0-1
ruby,ruby-ruby2_keywords,0.0.5-1
ruby,ruby-stdlib,3.0.6-1
ruby,ruby-stringio,3.0.2-4
ruby,ruby-test-unit,3.6.1-1
ruby,ruby-time,0.2.0-4
ruby,ruby-tmpdir,0.1.2-3
ruby,ruby-uri,0.12.1-1
rubygems,rubygems,3.3.25-1
run,run-parts,5.5-1
runc,runc,1.1.12-1
rutabaga,rutabaga-ffi,0.1.75-1
samba,samba,4.19.4-1
sane,sane,1.2.1-6
sbc,sbc,2.0-1
scour,scour,0.38.2-3
sddm,sddm,0.20.0-4
sddm,sddm-kcm,5.27.10-1
sdl2,sdl2-compat,2.32.60-1
sdl2_image,sdl2_image,2.8.2-2
sdl3,sdl3,3.2.28-1
seabios,seabios,1.16.3-1
sed,sed,4.9-3
semver,semver,7.5.4-1
serd,serd,0.32.2-1
shaderc,shaderc,2023.7-2
shadow,shadow,4.14.3-1
shared,shared-mime-info,2.4-1
shiboken6,shiboken6,6.6.1-1
signon,signon-kwallet-extension,23.08.4-1
signon,signon-plugin-oauth2,0.25-1
signon,signon-ui,0.17+20171022-3
signond,signond,8.61-1
simde,simde,0.7.6-1
simdjson,simdjson,1:4.2.2-1
skanlite,skanlite,23.08.4-1
skanpage,skanpage,23.08.4-1
skladnik,skladnik,0.5.1-1
slang,slang,2.3.3-2
smartmontools,smartmontools,7.4-1
smbclient,smbclient,4.19.4-1
snappy,snappy,1.1.10-1
socat,socat,1.7.4.4-1
solid,solid,6.4.0-1
solid5,solid5,5.115.0-1
sonnet,sonnet,6.4.0-1
sonnet5,sonnet5,5.115.0-1
sord,sord,0.16.16-1
sound,sound-theme-freedesktop,0.8-5
soundtouch,soundtouch,2.3.2-1
source,source-highlight,3.1.9-11
spandsp,spandsp,0.0.6-5
spdlog,spdlog,1.13.0-1
spectacle,spectacle,23.08.4-1
speex,speex,1.2.1-1
speexdsp,speexdsp,1.2.1-1
spglib,spglib,2.3.1-1
spice,spice,0.15.2-1
spice,spice-protocol,0.14.4-1
spirv,spirv-tools,2023.5-1
sqlite,sqlite,3.45.1-1
squashfs,squashfs-tools,4.6.1-1
sratom,sratom,0.6.16-1
srt,srt,1.5.3-1
step,step,23.08.4-1
strace,strace,6.6-1
sudo,sudo,1.9.15.p5-1
svgpart,svgpart,23.08.4-1
svt,svt-av1,1.8.0-1
svt,svt-hevc,1.5.1-2
sweeper,sweeper,23.08.4-1
swig,swig,4.1.1-2
syndication,syndication,6.4.0-1
syndication5,syndication5,5.115.0-1
syntax,syntax-highlighting5,5.115.0-1
syslog,syslog-ng,4.4.0-5
sysstat,sysstat,12.7.5-1
systemd,systemd,255.3-1
systemd,systemd-libs,255.3-1
systemd,systemd-sysvcompat,255.3-1
systemsettings,systemsettings,5.27.10-1
taglib,taglib,2.0-1
tailscale,tailscale,1.58.2-1
talloc,talloc,2.4.1-1
tar,tar,1.35-2
tcpdump,tcpdump,4.99.4-1
tcpreplay,tcpreplay,4.4.3-1
tdb,tdb,1.4.9-1
telly,telly-skout,23.08.4-1
tesseract,tesseract,5.3.4-1
tesseract,tesseract-data-afr,2:4.1.0-4
tesseract,tesseract-data-osd,2:4.1.0-4
tevent,tevent,1:0.15.0-1
texinfo,texinfo,7.1-2
tftp,tftp-hpa,5.2-10
thin,thin-provisioning-tools,1.0.11-1
threadweaver,threadweaver,6.4.0-1
threadweaver5,threadweaver5,5.115.0-1
tinygo,tinygo,0.30.0-1
tinyxml2,tinyxml2,10.0.0-1
tokodon,tokodon,23.08.4-1
tpm2,tpm2-tss,4.0.1-1
traceroute,traceroute,2.1.5-1
tracker3,tracker3,3.6.0-3
tree,tree,2.1.1-1
tslib,tslib,1.22-1
ttf,ttf-hack,3.003-6
ttf,ttf-liberation,2.1.5-1
twolame,twolame,0.4.0-3
tzdata,tzdata,2024a-1
uboot,uboot-tools,2024.01-2
ubus,ubus,master_3cc98db-1
uchardet,uchardet,0.0.8-2
udisks2,udisks2,2.10.1-2
umbrello,umbrello,23.08.4-1
unbound,unbound,1.19.0-1
unrar,unrar,1:6.2.12-1
unzip,unzip,6.0-20
upower,upower,1.90.2-1
upx,upx,4.2.2-1
usbmuxd,usbmuxd,1.1.1-3
usbredir,usbredir,0.13.0-1
usbutils,usbutils,017-1
uthash,uthash,2.3.0-2
util,util-linux,2.39.3-1
util,util-linux-libs,2.39.3-1
v2ray,v2ray,5.12.1-1
v2ray,v2ray-domain-list-community,20240208184303-1
v2ray,v2ray-geoip,202402080038-1
v4l,v4l-utils,1.26.1-1
vannav,vannav,1.12.1-1
vapoursynth,vapoursynth,R65-1
vde2,vde2,2.3.3-5
verdict,verdict,1.4.2-1
vi,vi,1:070224-6
vid.stab,vid.stab,1.1.1-1
vim,vim,9.1.0080-1
vim,vim-runtime,9.1.0080-1
virglrenderer,virglrenderer,0.10.4-1
virt,virt-install,4.1.0-2
virtiofsd,virtiofsd,1.10.1-1
vlc,vlc,3.0.20-7
vmaf,vmaf,3.0.0-1
vnstat,vnstat,2.12-1
volume_key,volume_key,0.3.12-8
vsftpd,vsftpd,3.0.5-1
vte,vte-common,0.74.2-1
vte3,vte3,0.74.2-1
vtk,vtk,9.3.0-8
vulkan,vulkan-headers,1:1.3.276-1
vulkan,vulkan-icd-loader,1.3.276-1
vulkan,vulkan-intel,1:23.3.5-1
vulkan,vulkan-mesa-implicit-layers,1:25.3.1-2
vulkan,vulkan-tools,1.3.269-1
wavpack,wavpack,5.6.0-1
wayland,wayland,1.22.0-1
wayland,wayland-utils,1.2.0-1
webrtc,webrtc-audio-processing,0.3.1-4
webrtc,webrtc-audio-processing-1,1.3-2
wenger,wenger-toolchains,0.7-0
wget,wget,1.21.4-1
which,which,2.21-6
wildmidi,wildmidi,0.4.5-2
wireguard,wireguard-tools,1.0.20210914-1
wireless_tools,wireless_tools,30.pre9-3
wireplumber,wireplumber,0.4.17-1
wireshark,wireshark-cli,4.2.2-1
wireshark,wireshark-qt,4.2.2-1
woff2,woff2,1.0.2-4
wolfssl,wolfssl,5.6.6-1
wpa_supplicant,wpa_supplicant,2:2.10-8
x264,x264,3:0.164.r3108.31e19f9-1
x265,x265,3.5-3
xapian,xapian-core,1:1.4.24-1
xapp,xapp,2.8.2-1
xapp,xapp-symbolic-icons,1.0.6-1
xcb,xcb-imdkit,1.0.6-1
xcb,xcb-proto,1.16.0-1
xcb,xcb-util,0.4.1-1
xcb,xcb-util-cursor,0.1.5-1
xcb,xcb-util-image,0.4.1-2
xcb,xcb-util-keysyms,0.4.1-4
xcb,xcb-util-renderutil,0.3.10-1
xcb,xcb-util-wm,0.4.2-1
xdg,xdg-dbus-proxy,0.1.5-1
xdg,xdg-desktop-portal,1.18.2-1
xdg,xdg-desktop-portal-gtk,1.15.1-1
xdg,xdg-desktop-portal-kde,5.27.10-1
xdg,xdg-user-dirs,0.18-1
xdg,xdg-utils,1.2.1-1
xerces,xerces-c,3.2.4-4
xf86,xf86-input-libinput,1.4.0-1
xkeyboard,xkeyboard-config,2.41-1
xl2tpd,xl2tpd,1.3.18-1
xorg,xorg-fonts-encodings,1.0.7-1
xorg,xorg-server,21.1.11-1
xorg,xorg-server-common,21.1.11-1
xorg,xorg-setxkbmap,1.3.4-1
xorg,xorg-xauth,1.1.2-1
xorg,xorg-xdpyinfo,1.3.4-1
xorg,xorg-xkbcomp,1.4.7-1
xorg,xorg-xmessage,1.0.6-1
xorg,xorg-xprop,1.2.7-1
xorg,xorg-xrdb,1.2.2-1
xorg,xorg-xset,1.2.5-1
xorg,xorg-xsetroot,1.1.3-1
xorg,xorg-xwayland,23.2.4-2
xorgproto,xorgproto,2023.2-1
xsettingsd,xsettingsd,1.0.2-1
xvidcore,xvidcore,1.3.7-2
xxhash,xxhash,0.8.2-1
xz,xz,5.4.6-1
yajl,yajl,2.1.0-5
yakuake,yakuake,23.08.4-1
yarn,yarn,1.22.21-1
yt,yt-dlp,2023.12.30-1
zanshin,zanshin,23.08.4-1
zbar,zbar,0.23.90-3
zeromq,zeromq,4.3.5-2
zimg,zimg,3.0.5-1
zip,zip,3.0-11
zix,zix,0.4.2-2
zlib,zlib,1:1.3.1-1
zlib,zlib-ng,2.1.5-1
zstd,zstd,1.5.5-1
zvbi,zvbi,0.2.42-1
zxing,zxing-cpp,2.2.1-1
